
[
    {
      "id": "852768",
      "title": "Chinese Mushroom Noodle Soup",
      "photoUrl": "PHOTO_URL_PLACEHOLDER",
      "prepTime": "15",
      "cookTime": "COOK_TIME_PLACEHOLDER",
      "ingredients": [],
      "instructions": "INSTRUCTION_PLACEHOLDER"
    },
    {
      "id": "573147",
      "title": "Kale Fried Rice",
      "photoUrl": "PHOTO_URL_PLACEHOLDER",
      "prepTime": "45",
      "cookTime": "COOK_TIME_PLACEHOLDER",
      "ingredients": [],
      "instructions": "INSTRUCTION_PLACEHOLDER"
    },
    {
      "id": "671609",
      "title": "Chinese Scallion Pancake�Simplified Version",
      "photoUrl": "PHOTO_URL_PLACEHOLDER",
      "prepTime": "45",
      "cookTime": "COOK_TIME_PLACEHOLDER",
      "ingredients": [],
      "instructions": "INSTRUCTION_PLACEHOLDER"
    },
    {
      "id": "757217",
      "title": "Cauliflower Fried Rice",
      "photoUrl": "PHOTO_URL_PLACEHOLDER",
      "prepTime": "35",
      "cookTime": "COOK_TIME_PLACEHOLDER",
      "ingredients": [],
      "instructions": "INSTRUCTION_PLACEHOLDER"
    },
    {
      "id": "483753",
      "title": "Brown Fried Rice with Chicken and Vegetables",
      "photoUrl": "PHOTO_URL_PLACEHOLDER",
      "prepTime": "20",
      "cookTime": "COOK_TIME_PLACEHOLDER",
      "ingredients": [],
      "instructions": "INSTRUCTION_PLACEHOLDER"
    }
  ]
