[
  {
    "id": "ChIJW-yJPuPHwoARGh0NU_IeYpI",
    "name": "Panda Express",
    "address": "3607 Trousdale Pkwy, Los Angeles",
    "phoneNumber": "(213) 821-3482",
    "websiteUrl": "http://www.pandaexpress.com/",
    "rating": 3.4,
    "priceRating": "INEXPENSIVE",
    "distance": "1 min"
  },
  {
    "id": "ChIJM8H8dOfHwoAR7ujtU5mnO9g",
    "name": "Chinatown Express",
    "address": "2811 S Figueroa St, Los Angeles",
    "phoneNumber": "(213) 745-7355",
    "websiteUrl": null,
    "rating": 4.1,
    "priceRating": "INEXPENSIVE",
    "distance": "9 mins"
  },
  {
    "id": "ChIJeUtcbefHwoAR4LUUWvXFBCo",
    "name": "Northern Cafe",
    "address": "2904 S Figueroa St, Los Angeles",
    "phoneNumber": "(213) 741-9050",
    "websiteUrl": "https://northerncafeusc.business.site/",
    "rating": 4.4,
    "priceRating": "MODERATE",
    "distance": "10 mins"
  },
  {
    "id": "ChIJOf6Tc-fHwoARjeOCkCRugv4",
    "name": "Panda Express",
    "address": "2828 S Figueroa St, Los Angeles",
    "phoneNumber": "(213) 746-0392",
    "websiteUrl": "http://www.pandaexpress.com/",
    "rating": 4.1,
    "priceRating": "INEXPENSIVE",
    "distance": "10 mins"
  },
  {
    "id": "ChIJQ_KHxQbIwoARABKnaOa6Tho",
    "name": "Panda King Chinese Food",
    "address": "Los Angeles",
    "phoneNumber": null,
    "websiteUrl": null,
    "rating": 3.1,
    "priceRating": null,
    "distance": "18 mins"
  }
]